Frontend-developer,Css,Finance,Html5,Scala,Architecture,Security,Sas,Javascript
Senior Fullstack Engineer,Design,Interactive,Engineering,Html5,Aws,Apis,Mobile,Analytics,Analytical,Communication,Technical,Testing,Process,Algorithms,Javascript,Computer science,Cloud,Writing
Full Stack Developer,Ux,.net,Architecture,Nosql,System,Sql,Javascript,Linux,Recruitment
Frontend Technical Lead,Startup,Design,Architecture,Selenium,Technical,Javascript,Ai
Software Engineer - Web UI,Saas,Design,Safety,Coding,Engineering,Ruby,Ux,Mobile,User experience,Controls,Testing,Javascript,Js,Writing,Retention,Product management
Javascript Engineer,Brand,Communication,Technical,Troubleshooting,Computer science,Javascript
Senior Growth Engineer,Experiments,French,Engineering,Metrics,Analytics,Kpis,Communication,Content,Technical,Testing,Js,Writing,Rest
Senior Web Developer,Design,Postgresql,Troubleshooting,Lifecycle,Writing,Documentation,Branding,Coaching,Process,Click,Operations,Crm,Js,Marketing,Fitness,Engineering,Communication,Mobile,Recruiting,Sports,International,Testing,Workflow,Technical,Business development
Senior Software Engineer,Design,Training,Aws,Apis,Html,Php,Architecture,English,Video,Javascript,Rest
Cloud Infrastructure Engineer - Formidable (Remote),Design,Docker,Engineering,Javascript,Health,Aws,Scripting,Industry trends,Architecture,Reporting,Process,Cloud
Application Developer,Real-time,Aws,.net,Ai
Senior Backend Developer (m/f/x) JavaScript,Cad,Docker,Engineering,Aws,Procurement,Lean,Architecture,Process,Cloud,Mysql
Engineering Lead (Front-end),Design,Protocols,Website,Architecture,Api,Apis,Routing,System,Process,Operations,Css,Saas,Ui,Html,Js,Engineering,Technical,Testing,Security,Sales,Javascript,Cloud
Senior Full-Stack Engineer,Design,Postgresql,Health,Architecture,Api,Software engineering,Writing,Aws,Nosql,System,Sql,Excel,Css,Coding,Html,English,Governance,Agile,Schedules,Policies,Fitness,Engineering,Ruby,Plan,Communication,Technical,Javascript,Cloud
Sr. Technical Lead Engineer,Queries,Design,Sql server,Health,Scrum,Architecture,Api,Writing,Aws,Ux,Apis,Lean,Contracts,Sql,Process,Strategy,Rest,Ai,Programming,Budget,Ui,Agile,Computer science,Python,Engineering,Analytical,Plan,Communication,Technical,Testing,Security,Workflow,Cloud
Backend Developer (m/f/d),Queries,Postgresql,Architecture,Troubleshooting,Analytics,Machine learning,Php,Administration,Android,Selenium,Java,Sql,Operations,Mysql,Programming,Flask,Django,Docker,Html,Oracle,Architectures,Computer science,Database,Python,Automation,Linux,Web services,Marketing,Communication,Mobile,Algorithms,Debugging,Ruby,Cloud
Senior Software Engineer (Full Stack-.net/Cloud),Green,Design,Postgresql,Html5,Architecture,Api,Writing,Startup,Aws,Shell,.net,Open source,Lean,Consulting,Inventory,Programming,Information technology,Agile,Python,Automation,C,Aviation,Engineering,Retail,Plan,C#,Technical,Javascript,Cloud
Data Science Engineer,Tableau,Data Visualization,Pandas,R,Power Bi,Python,Scikit-Learn,Statistics
Deep Learning Engineer,Tensorflow,Machine Learning,Pytorch,Python,Pandas ,Numpy,Statistics,NLP
Game Developer,Unity,C++,Game engine,Creativity,Analytical skills,C#
IOS Developer,Objective C,Swift,Xcode,Objective-oriented Programming,Design Principles
Android Developer,Android Studio,Java,Kotlin,UI principles,Object-Oriented design
