1145430,Angular Styling & Animations (for Angular 2+),For Angular 2+: Learn how to use dynamic Styles and powerful Animations to create beautiful Angular Apps,Angular2,Css,Javascript,Html
691828,"Web Visualization with HTML5, Css3, and JavaScript ","Become an ace at creating stunning web designs and animations using HTML5, Css3, and JavaScript",Html5,Css3,Javascript,Animations,Design
1322636,Docker With Java Hands-On : From Basics -> To Deep Insights,Learn Docker from Scratch with Demos and Practical examples. From beginners To Expertise. For Devops and Developers,Devops,Docker
714724,Docker Crash Course for busy Devops and Developers,Learn how to develop and deploy web applications with Docker technologies. Take your Devops skills to the next level.,Docker,Devops,Deployment
1324000,"Zero to Unity Hero: Learn by Building My App, Block Physics",Start to finish development of an amazing real-world app using the incredible Unity Game Engine.,Unity,Game development,App development
1322294,Devops Tutorial: Complete Beginners Training - 5 in 1 Bundle,"Devops Engineer Devops Aws Devops Docker Devops Jenkins  DevopsGIT , Devops Vagran Devops Maven",Devops,Docker,Jenkins,Git,Maven,Aws
1324336,Ansible Automation For Beginners to Advance - Step by Step,"Mastering Ansible, Ansible Aws, Ansible tower, Automation, Network",Ansible,Aws,Ansible tower,Automation,Network
1459414,Beginner course to Learn to create your own CMS in PHPMySQL,Build your own CMS by playing with PHP MySQL codes starting from basics.Cover CRUD and user authentication too.,Php,Mysql,Crud,Cms,Authenication
1071340,OpenUI5 from the beginning to the complex app,Creating responsive web-application and converting it to the android apk file.,Android development,Web development,App development
1320864,Starting with REST API's,"Representational State Transfer (It is sometimes spelled ""ReST"")",Rest Api,Api ,Microservices
1124424,"WebDev: Cool Parts with HTML5, JavaScript ES6 & CryptoJS","Start using cool & exciting features that come from HTML5, JavaScript ES6 and CryptoJS",Html5,Javascript,Es6,Cryptojs
1148834,Docker & Docker Compose for Beginners,Learn how to use Docker with GitHub storage and Digital Ocean deployment,Github,Digital ocean,Cloud,Docker
1063522,The Swift 4 and Xcode 10 MasterClass,"Master the swift programming language, Xcode, and iOS Development",Xcode,Ios development,Swift
1321956,The Complete Android + Kotlin Developer Courseâ„¢,"Learn Android Kotlin Development to build amazing apps: an Online Quiz App, a Pokemon Go clone, an E-Commerce App...",Android development,Kotlin,App development,Deployment,Firebase
711086,Android development tutorial for Beginners,Android Course:Become an Android Developer & Make your own Apps,Android development,App development,Deployment,Firebase
1071250,Beginning C++ Game Programming - Part 1,Learn C++ from scratch and get started building your very own games,C++,Game development,Unity
1154322,The Essential Android O Developer Course (Java),Learn everything in detail on how to write apps in Android O using Java,Android development,App development,Java
1071460,WordPress Autoblog - Setup AutoBlogging Website in WordPress,"Autoblogging set your Website to AutoPilot, Website related Articles get Posted Automatically Without Any Manual Effort",Autopilot,Cms,Autoblogging,Cloud,Wordpress
1124434,Rapid Game development with Unity 5,Explore how to build market-ready games using the powerful engine of Unity,Unity,Game development,C++,C sharp
692244,The Philosophy of FileMaker - Part 1,"Intermediate FileMaker Pro 15 Scripting, Calculations, Relationships and Reporting",Filemaker,Scripting,Calculations,Relationships,Reporting
1322294,Devops Tutorial: Complete Beginners Training - 5 in 1 Bundle,"Devops Engineer Devops Aws Devops Docker Devops Jenkins  DevopsGIT , Devops Vagran Devops Maven",Devops,Aws,Docker,Jenkins,Git,Vagran,Maven
1071460,WordPress Autoblog - Setup AutoBlogging Website in WordPress,"Autoblogging set your Website to AutoPilot, Website related Articles get Posted Automatically Without Any Manual Effort",Autopilot,Cms,Autoblogging,Cloud,Wordpress
1124434,Rapid Game development with Unity 5,Explore how to build market-ready games using the powerful engine of Unity,Unity,Game development,C++,C sharp
1154322,The Essential Android O Developer Course (Java),Learn everything in detail on how to write apps in Android O using Java,Android development,App development,Java
1320864,Starting with REST API's,"Representational State Transfer (It is sometimes spelled ""ReST"")",Rest Api,Api ,Microservices
1148834,Docker & Docker Compose for Beginners,Learn how to use Docker with GitHub storage and Digital Ocean deployment,Github,Digital ocean,Cloud,Docker
1124424,"WebDev: Cool Parts with HTML5, JavaScript ES6 & CryptoJS","Start using cool & exciting features that come from HTML5, JavaScript ES6 and CryptoJS",Html5,Javascript,Es6,Cryptojs
1321956,The Complete Android + Kotlin Developer Courseâ„¢,"Learn Android Kotlin Development to build amazing apps: an Online Quiz App, a Pokemon Go clone, an E-Commerce App...",Android development,Kotlin,App development,Deployment,Firebase
1459414,Beginner course to Learn to create your own CMS in PHPMySQL,Build your own CMS by playing with PHP MySQL codes starting from basics.Cover CRUD and user authentication too.,Php,Mysql,Crud,Cms,Authenication
1324336,Ansible Automation For Beginners to Advance - Step by Step,"Mastering Ansible, Ansible Aws, Ansible tower, Automation, Network",Ansible,Aws,Ansible tower,Automation,Network
1071250,Beginning C++ Game Programming - Part 1,Learn C++ from scratch and get started building your very own games,C++,Game development,Unity
1321548,C in Depth: The Complete C Programming Guide for Beginners,C Programming For Beginners. Also Covers Advanced C Language Concepts with a Step by Step Practical Approach.,Advanced concepts,C,Embedded programming
2329914,Intro To SQLite Databases for Python Programming,Learn Sqlite Database With Python The Fast and Easy Way!,Sqlite,Python,Database
1254172,Responsive PHP Registration Form: From Scratch,"Complete guide to build a Responsive PHP Registration Form: From Scratch including HTML, Css and Booststrap",Php,Html,Css,Bootstrap,Web development
1060418,Unreal Engine:  Create an Arcade Classic!,"Like ""Fortnite?""  Master the tools used to build it as we re-create an arcade classic using Unreal Engine 4.",Unity,Game development,C++,C sharp
1458248,Divi Module development from start to finish,Make a living by developing modules for the worlds most popular premium WordPress theme,Wordpress,Blogging,Modules
1155016,Python Programming: An Expert Guide on Python,Learn Python while Building Projects,Python,Game development,Database,Django,Flask
1132588,Unity3D - A Basic and Intermediate Work-Along Course,Covering everything from the first time you open Unity to building games with complex interactions. We do it all,Unity,Game development,C++,C sharp,Advanced game development
1067692,Fundamental Data Structures & Algorithms using C language.,"Learn Data Structures and algorithms for Stack, Queue, Linked List, Binary Search Tree and Heap ( using C Programming ).",Data structures,C,Algorithms
1147238,PHP connections to MySQL,Learn how to connect a MySQL database to your PHP application.  Learn MySQLi connection code and Object oriented PHP,Mysql,Php,Mysqli,Object oriented programming
1458870,The Beginner's Guide to HTML,The course that teaches complete beginners to write high quality HTML,Css,Html,Bootstrap
1125778,Mastering Reactive Extensions with C sharp and .NET,A complete course on Rx.NET,.net,C sharp,Windows forms,visual studio
1322636,Docker With Java Hands-On : From Basics -> To Deep Insights,Learn Docker from Scratch with Demos and Practical examples. From beginners To Expertise. For Devops and Developers,Docker,Devops,Linux
1313410,How To Make A Wordpress Website -Elementor Page Builder,Learn How To Create an AMAZING Wordpress Website! Master Wordpress and Elementor Page Builder!,Wordpress,Elementor,Web development
627032,Learn Spring Boot - Rapid Spring Application Development,Spring Boot gives you all the power of the Spring Framework without all of the complexity. Start writing apps today!,Java,Spring boot,Spring,Enterprise java
1012096,Become A Full Stack Web Developer in 14 Days,"Learn all the skills that are needed by companies today, and land your next dream job.",Job,Skills,Technical skills,Interviews
1162274,"Intermediate Mobile App development (Swift 3, iPhone iOS10)",Gain the proficiency to start a career as an iOS developer with Swift 3 & Xcode 8 (learn 10 different iPhone API's),Ios development,Swift,Xcode,Api,Microservices
1248610,Practical Office 365 Administration,Learn in depth about Office 365 for Administrators and also find useful tips and resources to enhance your role as an Of,Office ,Office 365,Administrator
1257778,Make Your First Game - Crash Course 1 | Learn Unity Now!,"Make your first game in Unity by creating Xenfinity's retro style asteroid shooter, XenoShooter!",Unity,Game development,Shooting games,C sharp,C++
1200802,Linked List Data Structure using Python,Unlock your data structures potential by being able to create your own linked list in Python,Python,Data structures,Algorithms
1183326,Learning Path: R: Complete Machine Learning & Deep Learning,Unleash the true potential of R to unlock the hidden layers of data,R,Data science,Analytics,Data
1339456,Data Science Course 2021: Complete Machine Learning Training,"Build a Career in Artificial Intelligence (AI). Hands-on Training with ""7 Stages of Machine Learning"" Framework.",Ai,Machine learning,Deep learning,Algorithms
1212148,Learning Path: Aws: Aws Environments with Aws Lambda,Create resilient distributed solutions and serverless applications with Aws,Aws,Cloud,Deployment,App development
1222342,Learn Kotlin and build 2 basic android apps from scratch,Learn kotlin programming language from scratch and make 2 basic Android apps on kotlin.,Kotlin,Android development,App development
1340994,Starting with JavaScript Unit Testing,Discover JavaScript functions,Javascript,Object oriented programming,Functional programming,Frontend,Web development
842728,Getting Started with NodeJS for Beginners,Learn Basic of Powerful JavaScript Engine NodeJS with Core Libraries,Javascript,Nodejs,Core libraries,Object oriented programming
1242504,iOS 11 and Xcode 9 - Complete Swift 4 & Objective-C Course,A Complete iOS 11 and Xcode 9 Course with Swift 4 & Objective-C,Ios development,Swift,Objective c,Xcode
1309766,Create a Basic Real-Time Chat App with Angular4 and Firebase,Learn Angular4 and Firebase by creating a real-time chat app from scratch,Angular4,Firebase,Cloud,App development,Web development
851868,"Complete Wordpress Course, Learn Wordpress & Build Website",Learn Wordpress to quickly & easily build and maintain websites with step by step instructions. Websites in under 2hrs!,Wordpress,Web development,Blogging
1352468,Master Microservices with Spring Boot and Spring Cloud,"Go from Restful Web Services ( REST API ) to Microservices - Java , Spring Boot , Spring Cloud , Docker and Kubernetes",Rest Api,Api ,Microservices,Java,Spring boot,Cloud,Docker,Kubernetes
629218,Realtime apps with Swift & Firebase acquire impressive skill,"Build a chat app that works in real time using Firebase and Swift, be the best developer impress your boss and friends",App development,Swift,Ios development,Android development,Firebase
896010,Ready to work on TestLink in 100 mins - Test Management tool,Test Link Open Source Test Management tool,Open source,Testing,Management tool
1310106,Struts 2 Framework for Beginners,Learn how to build Java MVC applications using Struts 2 Framework.,MVC,Java,Struts,Web development
1334866,Complete Gaming Masterclass: Learn Unreal and GameMaker,*Includes FREE book! Build 30 VR games in Unity3D and 20 games in GameMaker. Tutorials for beginner game developers.,Unity,Game development,Vr,Gamemaker
1429976,Learn To Make Stylized Low Poly Characters [Beginner],Learn To Model Characters From Scratch (Beginner Friendly Course),Animation,Graphic designing,Models,Unreal,Gamemaker
1372276,HTML and Css for complete Beginners,Learn HTML 5 and Css3 from scratch and build interesting projects.easy step by step tutorials.,Html5,Css3,Web development
1418348,Learning Path: Spark: Data Science with Apache Spark,Explore the power of big data processing and machine learning with Apache Spark,Apache spark,Machine learning,Big data,Data processing,Analytics
1418386,Learning NodeJS for PHP Developers,Learn to build powerful applications with web technologies such as PHP and NodeJS.,Php,Nodejs,Web development,Database
1418466,Learning Path: Mastering Entity Framework Core,Explore & Master Entity Framework for developers with the latest features,Entity
1356624,Python Graphics Programming and Game development,Master Python Basics Using A Fun Visual Design Library,Python,Graphic designing,Game development
1394652,Create A Google Home Voice App In Under 30 Minutes,Crash course in building voice apps on Google Home,Automation,Google home,Python
1362816,React for absolute beginners,Learn React from scratch with hands-on projects,React,App development,Web development,Javascript
1362920,C sharp Masterclass: Make RPG & Mobile Games in UnityÂ® & Blender,Make a Zenda Role Player Game and Ninja Mobile Game in UnityÂ® 5.4.3f1. A beginner's course for aspiring game developers!,Unity,RPG,Game development,C++,C sharp,Blender
1378548,Learning Path: Java: Delve Deep into Concurrency with Java 9,Master the concurrency techniques with the new features of Java 9,Java,Object oriented programming,App development,Web development
1425988,Complete Modern Developer: React JS with Redux & SpriteKit,â€‹Ultimate coding for the web and game-making for iOS apps! Learn web and Game development with practical projects.,Ios development,Game development,Web development,App development,Swift,Xcode,Objective c
1426010,Build a Serverless App with Aws Lambda - Hands On!,"Create a chat web app using Amazon Web Services - Lambda, DynamoDB, API Gateway, S3, Cognito, CloudFront, and more.",Aws,Cloud,Web development,Lambda,App development
1389568,Introduction to Android Development for beginners,Create an Android App step by step from scratch,Android development,Kotlin,Java,Android studio,App development
1349938,Fashion Blogs - How to Start a WordPress Fashion Blog 2019,Fashion blogs are the latest craze on the internet today. Discover how to start a fashion blog of your own today.,Wordpress,Blogging,Web development
1420956,Deep Learning with TensorFlow 2.0 [2021],"Build Deep Learning Algorithms with TensorFlow 2.0, Dive into Neural Networks and Apply Your Skills in a Business Case",Ai,Machine learning,Tensorflow,Deep learning
1412930,"MATLAB onramp 2020: coding, concepts, confidence, and style","Learn the key MATLAB programming skills that separate experts from novices: debugging, functions, and visualization",Matlab,Functional programming
1415312,Quality Assurance (QA) Class,Quality Assurance on Web Applications,Web development,Testing
1010738,Essential Docker for Python Flask Development,Learn how to effectively use Docker and Docker Compose to develop production ready applications,Docker,Linux,Python,Flask
1231480,Deep Dive into Functional JavaScript,A practical guide to mastering functional programming in ES6 from the perspective of building real-world applications.,Functional programming,Java,App development,Spring boot
1011658,Java TTS and STT - text to speech and speech to text course,Working on projects regarding TTS and STT and also programming your multi-threaded mp3 player,Java,Machine learning,App development
1163894,Build a Chatbot integrated Website using Bootstrap 4,"Learn to build a conversation chatbot and integrate it into a responsive website built using HTML5,Css3 and Bootstrap 4",Html5,Css3,Bootstrap,Web development
849116,RSLogix/Studio5000 PLC Ladder Logic Training. Basic,The student will learn the difference programming a PLC using RSLogix/Studio5000 software and other  PLC packages.,PLC,RSLogix,Ladder Logic,Logic
1221276,Flask Devops: Release Scalable Applications with Heroku,Learn how to use Heroku to deploy your Flask applications,Heroku,Python,Flask,Web development,App development
1314898,IBM Cognos Report Studio,"Create complex reports, web applications, and dynamic dashboards",Data processing,Analytics,Ibm cognos,Data visualization
1164844,"Complete In & Out Of Ethereum Blockchain, Solidity & Truffle","For Developers - A very intense course on Ethereum Blockchain, Solidity & Truffle.This is not a Blockchain 101 course.",Blockchain,Bitcoin mining,Cryptocurrency,Ethereum,Solidity,Truffle
1193034,Build Your Own First Person Shooter / Survival Game in Unity,Part I: Create and Design Artificially Intelligent Game Characters with Advanced Animation Systems,Animation,Game development,Unity,RPG,Ai
1315108,Java Fx Concepts Bootcamp 2021,In 2021 Learn JavaFx with concepts and practical examples to create awesome graphics then take this course.,Java,Graphic designing,Animation,Java fx,App development
1142202,Master Angular 4 by Example - Build 7 Awesome Apps!,"Learn many advanced features in Angular 2+ by building 7 applications. Includes CRUD, Node.js, Routing and much more!",Angular,Crud,Nodejs,Web development
891610,MATLAB App Designing: The ultimate Guide for MATLAB Apps,MATLAB tutorial for making apps in MATLAB using the GUIDE and App Designer utilities (Codes Included),Matlab,App development,Designing
800110,Erlang Programming for Beginners,Understand what Erlang is and be able to write small Erlang programs,Erlang,Functional programming,Programming
1009476,Python For Maya: Artist Friendly Programming,Learn to code with Python to work faster in Maya,Python,Maya,Animation,Designing,Graphic designing
1294032,Learn to Build Snow Shaders with Substance Designer,Use Substance to create the shaders needed for a winter environment in Unreal 4,Unreal,Desigining,Graphic designing,Shader,Substance designer
1294036,Learn to Build Wood Shaders with Substance Designer,Learn how to create a procedural wood texture in substance designer,Procedural programming,Substance designer,Shader
1274744,Writing Clean Asynchronous Code In Node.js,"A Complete Guide To Avoiding CallbackHell And Writing Clean Code With Async.js, Async/Await, And Promises",Javascript,Asynchronous programming,Nodejs,App development,Web development
1351074,PLC & AC Drive with Automatic & Manual Industrial Control,"this course will take newbies to a higher level to deal with complex PLC projects, Motor Drives ( VFD ) & Manual Control",Plc,Ac drive,Automation,Logic,Vfd
1192660,Apache Spark Interview Questions Preparation Course,Learn everything about Apache Spark. Save time in Interview preparation.,Apache spark,Distributed programming
881810,Model and Texture a Stylized Dungeon for Games,Learn the skills to create amazing models and textures to build a stylized environment from start to finish!,Game development,Functional programming,RPG
1202200,Modern Python Solutions - Part 3,The latest in modern Python recipes for the busy programmer,Python,Automation,Programming
1465220,Dive Into SpriteKit - You Design the Game,All source code updated to Swift 5 - Design and code your own games by choosing exactly what should happen!,Spritekit,Swift,Game development
1515202,Wordpress Rest API and Ionic 4 (Angular) App With Auth,Create an application with Wordpress and Ionic 4 with Authentication,Wordpress,Rest api,Api,Angular,Authenication,Web development
1465708,Learning Entity Framework Core,Learning Entity Framework Core from scratch for building efficient and secure web applications,Entity ,Javascript,Web development
1515336,Complete Modern Amazon clone: Angular 5 and Node.js,"Use Angular 5 , Node.js , Stripe and Algolia to build a complete Amazon website!",Angular,Nodejs,Stripe,Angolia,Web development
1447174,Android Architecture Components - View Model,Learn how to use the new View Model from Android Architecture Components,Android development,Automation,Object oriented programming,Architecture
1447644,ASP.Net WEB API Online Test,ASP.Net WEB API Online Test,Asp.net,.net,Web development,Api,Microservices
1423234,Learn SQL with Microsoft SQL Server,Understanding Databases and SQL,Databases,Sql,Relational database,Sql server
1297194,Fundamentals of Java with NetBeans,Basic principles of the Java language by example,Java,Object oriented programming,Programming,Spring boot
1212898,The Css Flexbox Guide: Build 5 Real Flexible Layouts!,Learn Css Flexbox & Build 5 real world responsvie layouts using Css3 Flexbox!,Css,Web development,Html5
1194232,Learning Path: Akka: Building Applications and Microservices,Embrace yourself to learn the art of creating applications and microservices with Akka,Microservices,Api ,Akka,App development
1016110,Complete Gaming Package: Learn To Code In UnityÂ® And Unreal,Learn to code by building games in UnityÂ® and Unreal Engine. This is a fantastic course to start learning technology.,Unity,Unreal,Game development
1304076,A gentle introduction to Google Go (Golang) for Beginners,Break into programming with a gentle introduction to Google Go (Golang) for beginners!,Golang,Programming,Google go,Object oriented programming
1341962,Mastering Informatica PowerCenter 9,Master the advanced aspects of the Informatica client to create reusable transformations and mapplets,Powercenter 9,Informatica,Animation,Data visualization
1261404,How to Make an App Extremely Viral - Facebook App Invites,The Only and Best Course That Shows You How To Instantly Make Your App Viral With The Power Of Facebook App Invites,App development,Api ,Facebook,Api gateway,App development
1291908,Elasticsearch 5.x Solutions â€“ Node and Cluster Management,Get deep knowledge on the node and cluster management aspects of Elasticsearch,Elasticsearch,Node,Cluster management,App development
1423976,Learning path: React: Master Design Patterns with React,Ascend your application development skills by building scalable and modular apps using powerful design patterns of React,React,Functional programming,Designing,Modular,App development,Web development
1510752,HTML Css Bootstrap jQuery Website from Scratch to Production,Quickly Learn to code Responsive Websites using HTML Css BOOTSTRAP JQUERY from SCRATCH. It's easier than you think!,Html5,Css,Jquery,Bootstrap,Web development
1503370,Angular JS with Sample Project (from Basic to Advanced),Learn Angular JS - Every module feature demonstrated with real-time examples,Angular,Javascript,Web development
1507192,Unity Game Mechanics Mastery and Blender 3D Modeling,"+FREE gift! Learn game design, game physics, 3D animation, character art, C sharp, pixel art, Photoshop and MagicaVoxel!",Game development,Unity,Animation,Photoshop,C sharp,Graphic Designing,MagicaVoxel
1499794,Serverless JavaScript by Example,Become dexterous with live demonstrations on serverless web development,Web development,Java,Javascript
1499866,Learning Path: Kotlin: Android Development with Kotlin,Master the Kotlin language for the Android platform by building exciting applications,Android development,Kotlin,Android studio,App development
1561968,Unity & AR: Make a Unity Game & an AR App for iOS,"A hands-on guide to learning C sharp, augmented reality, Swift & Xcode! You also get a 700-page book & 6 bonus tech webinars",Swift,Xcode,App development,Ios development,C sharp,Ar
1562008,Master Tkinter By Building 5 Fully Functioning Apps,This course isâ€‹ all â€‹you need to became a master Tkinterâ€‹ developer.,App development,Tkinter,Python,Programming
1521294,Visual Basic For Applications (VBA) - Excel,Being the best of the best of the best at Spreadsheet Programming and Analysis,Vba,Excel,Spreadsheet,Data visualization,Analytics
1511748,Parsing TCP Socket Data with C/C++,The correct TCP data handling solution using C++,C++,Networking,Socket
1532752,Core Data and Realm - Master Data Persistence for iOS,"Learn to use Core Data, Realm, UserDefaults, NSCoder, iOS File System.",Ios development,Realm,Nscoder,Swift,Xcode
1529928,SciKit-Learn in Python for Machine Learning Engineers,The Fourth Course in a Series for Mastering Python for Machine Learning Engineers,Python,Machine learning,Scikit
1584662,Build a Crypto Currency Portfolio App With Ruby on Rails,How To Use An API To Get Crypto Currency Data With Ruby On Rails,Cryptocurrency,Ruby,Data mining,Api
1577662,Game Dev Crash Course (Clickteam Fusion 2.5),Let's dive in the deep end and get game developing!,Game development,Unity,Unreal
1592514,LEARNING PATH: Laravel: Complete Guide to Laravel,Grasp the power of Laravel to build modern applications,Web development,Lavarel,Web development
1531258,Test your C Skills:The Complete C Programming Interview Pack,How I cracked interview of 16 software companies,C,Programming,Procedural Programming
1570972,Continuous Deployments using Spinnaker on Aws and Kubernetes,Use Spinnaker to execute your Devops strategy. Use immutable infrastructure to deploy using Spinnak on Aws or Kubernetes,Aws,Spinnak,Kubernetes,Cloud
1600384,Machine Learning & Training Neural Network in MATLAB,Machine Learning | Learn concepts of Machine Learning and how to train a Neural Network in MATLAB on Iris data-set.,Machine learning,Python,Matlab,Neural network
1609880,How to build Law Firm Website with Wordpress & Elementor 2.0,"Learn how to create a Law Firm Website with WordPress using Elementor 2.0 + Astra Theme, no coding needed.â€‹",Wordpress,Elementor,Blogging,Web development
1558098,iOS 12 & Swift 5: Build a To-Do List App,"Put your Swift skills to action by building Taskly, a practical todo list app",Taskly,Automation,Management tool
1594118,digital illustration from scifi to fantasy with Camille Kuo,start from grayscale or true color illustration with visual effect and light&color tweak to finalize the illustration,Animation,Graphic designing,Illustration
1193330,Hacking with watchOS 5 - Build Amazing Apple Watch Apps,The Hacking with watchOS tutorial series is designed to make it easy for beginners to get started coding for watchOS 5,Ios development,Watchos,Xcode
1334218,The Extensive WebGL Series ! - Part1 : Low Level Graphics,The Mathematical And Practical Foundations Of 3D Computer Graphics Using Opengl's WebGL,Graphic development,Opengl,webgl,Designing
1233648,Progressive Web Apps: The Concise PWA Masterclass,"Everything you need to build Progressive Web Apps from Scratch, or upgrade your existing Web Apps to PWAs.",Web development,Web apps,Pwa,App development
1260414,SGLearn@Python A-Zâ„¢: Python For Data Science,"Programming In Python For Data Analytics And Data Science. Learn Statistical Analysis, Data Mining And Visualization",Data mining,Data visualization,Analytics,Data science,Python
895712,"Serenity Bdd -  Selenium WebDriver, Cucumber, Jira, Jenkins","Learn How to Build and Enhance A Robust Functional Test Automation  framework in BDD using Serenity,Selenium & Cucumber",Automation,Selenium,Cucumber,Testing
629142,Complete Web Developer Course HTML Css JavaScript PHP jQuery,"Complete web developer Guide to websites working with HTML, Css, JavaScript, PHP, Bootstrap, JQuery, MySQL and more",Html5,Css,Javascript,Bootstrap,Php,Jquery,Mysql,Web development
1223370,Kotlin Android Development Masterclass,"Learn Kotlin, Android Development, Android Studio & IntelliJ IDEA from Scratch. Build Android Apps in Kotlin.",Android development,Kotlin,Android studio,Intellij,App development
1223380,Ionic 2 Crash Course: Learn Ionic2 Fundamentals in 1.5 Hours,Use Your Angular 2+  Skills to Build and Deploy Mobile Apps to iOS and Android Devices,Ios development,Xcode,Swift,Objective c,Angular
1234546,Python for Machine Learning and Data Mining,"Numpy, Pandas, Matplotlib, Seaborn, Neural Networks, Time Series, Market Basquet Analysis, GUIs, MySQL and much more!!",Python,Machine learning,Neural networks,Seaborn,Pandas,Numpy,Gui,Mysql,Deep learning
1334802,"ARKIT & Unity 3D, creating Augmented Reality Apps with C sharp","Learn to code by making your own Augmented Reality First Person Shooter /Survival Game, Mobile Development with Unity 3D",Ar,Rpg,Fps,App development,Game development,Unity
1287612,End-To-End BDD Framework -Selenium|Java|Cucumber|GIT|Jenkins,BDD Framework for Selenium with Java using Cucumber | Code Management using GIT | CI-CD with Jenkins | Extent Reporting,Jenkins,Java,Selenium,Cucumber,Git,Management tool
804324,Build your first mobile game for iPhone Swift/iOS having fun,"Learn Swift, iOS and SpriteKit while having fun, learn programing from the ground up every and learn while playing games",Ios development,Swift,Spritekit,Xcode,App development
1175622,C Language + Algorithms + Data Structures = Power,Up and running with c Programming language and algorithms and data structures,C,Programming,Data structures,Algorithms
1489920,Ultimate Guide to Debugging in Unity,Learn Industry Standard Techniques to Find and Fix Errors in Unity,Testing,Automation,Unity,Game development
1541108,Webpack for React Applications,Learn everything needed to build your own modern stateful web applications,Web development,App development,Bootstrap,Javascript,React,Pwa
1553878,Learning Solidity & Smart Contracts,"How to Code, Deploy, and Test Contracts",Solidity,Testing,Automation,Deployment,Programming
1513820,PHP MySQL Fundamentals from Scratch with Examples & Projects,PHP for beginners: Learn PHP procedural programming with MySQL database. Design dynamic websites with PHP & MySQL.,Mysql,Php,Mysqli,Mysql,Procedural programming
1499802,Graph Algorithms for AI in Games,Understand Graph Algorithms to create your own game in AI,Algorithms,Ai,Game development,Python,Machine learning
1554464,Python for Sorting and Searching : With Interview Riddles,"Work for interview riddles on searching and sorting:""Never underestimate power of Python""",Python,App development,Sorting,Searching ,Interview
1581890,Build e-commerce OOP website with PHP and MongoDB,Learn more than basics of MongoDB and PHP by building OOP website,Object oriented programming,Php,Mongodb,Web development
1575790,Ansible 30 Minutes Overview,Learn the fundamentals of Ansible and start automating tasks in a Devops environment in 30 minutes!,Automation,Ansible,Devops,Deployment
1638480,Android UI/UX for Developers: Build Amazing & Beautiful Apps,After this course you will be able to design amazing android apps with a good user interfaces and material design,Designing,App development,Android development,Ui,Android development
2851872,Beginning Arduino,Learning The Basics of Interfacing Arduino To The Real World,Arduino,Embedded programming,Logic
2844866,Full Agile Methodologies Bootcamp: Zero to Hero|Agile Master,"Agile Methodologies,Scrum,Dynamic System Method,Crystal,Feature Driven ,Lean Software and Extreme Programming",Agile,Sdlc,Scrum,Designing,Extreme programming,Crystal
2856600,Applied Machine Learning without coding using Orange 3,A simple approach to data science,Data science,Python,Ai,Analytics
2845910,Building an Interpreter from scratch,Semantics of programming languages,Python,Programming,Java,C,C++
2777336,Salesforce Einstein Analytics,Complete tutorial to make you expert in Einstein Analytics,Analytics,Einstein analytics,Data visualization,Data science,Data processing
2800942,Network Programming in golang - Learn Networking,Create a TCP Server and Client for network communication in go language,Networking,Tcp,Golang,Programming,App development
2824991,JUnit 5. Develop Your Unit Testing Skills Quickly and Easily,"Learn JUnit 5 Java unit testing to write and maintain quality code. Examples, guided coding practice, videos, and more.",Junit,Java,Programming,Testing
2645348,Learning Application of R: Part 1 of 3 (Emotion Analysis),"In this Course Series, we discuss Practical Applications developed using R. In this part, we discuss Emotion Analysis.",R,Machine learning
2608884,E-commerce Web  with Angular 8 (Material) & Firebase in 2020,Building Web Applications (E-commerce - Elearning) with  Angular 8 (Material) & Firebase in 2020.,Web development,Firebase,Angular
2592768,Enjoy C++ Coding from beginner to advanced,Learn C++: the easiest way possible with new fun an interest building approach.,C++,Programming
2614488,Unleashing the Javascript concepts : JS the beginners guide,Javascript: Learn from the example-driven learners guide to Javascript Subsets and Extensions in Javascript.,Javascript,Web development,Object oriented programming
2625868,Master Materialize and code 3 projects with 9 pages,"Master the latest version of Materialize and create real projects and themes while learning HTML, web design and coding",Html5,Css,Bootstrap,Web development
2590852,Ionic 4 Projects,"Build 5 amazing, cross-platform mobile apps with Ionic 4",Xamarin,App development,Android development,Ios development
2597006,Writing Maintainable Unit Tests,Master the art of loosely coupled unit tests,Testing,Microservices
2597106,Angular 2-8 Unit Testing With Jasmine & Karma Step By Step,Learn the basics of Jasmine testing. Gain Angular testing  / Javascript testing skills and automate tests today!,Testing,Javascript,Angular,Jasmine,Automation
2618786,Master the art of Python Data Visualization,"Learn Advanced Data Visualization with Python 3, NumPy, Jupyter, Matplotlib, Pandas, Seaborn, Bokeh, Leather, and Pygal",Python,Data visualization,Numpy,Seaborn,Bokeh,Leather,Pygal
2602708,Fast Start Python Serverless Apps with Aws and Terraform,Practical approach to Devops and Serverless to generate business value immediately.,Devops,Deployment,Aws,Terraform
2603002,Learn Python from Zero To Hero,Learn and keep yourself updated with the all new programming language - the python. Learn from interactive python egs.,Python,Programming
2614012,MERN Stack Web Development with Ultimate Authentication,Build Ultimate Authentication Boilerplate Project with MERN Stack from Scratch to Digital Ocean Cloud Servers,Digital ocean,Mern,Web development,Authenication
2625930,"Learn EVERYTHING about Wikipedia (Coding,backlinks...)",Watch the full Course and become a Wikipedia expert! Everything you need to know in 30 minutes.,Wikipedia,Cms,Blogging
1117068,Unit testing your Javascript with jasmine,"Learn how to unit test your JavaScript using the jasmine framework, from your first test to continuous integration.",Javascript,Testing,Intergration,Jasmine
973932,Learn Spring Security 4 Intermediate - Hands On,A more advanced tutorial on Spring Security 4,Spring ,Java
1084638,A beginners guide to Data Warehouse  and Big Data,Learn about Data warehouse and big data,Data warehouse,Big data,Data processing,Analytics
993140,Blender and Unity: How to create low poly animal that shoot,"A Beginner guide on how to create low poly animal that shoot fire, lightning and water with animation",Animation,Desigining,Blender,Unity
919194,Learn JavaScript core concepts web programming,Learn JavaScript one of the most popular and dynamic programming languages for creating and developing websites,Web development,Javascript,Nodejs,React,Angular
919234,Advanced JavaScript for Projects & Coding Interview Question,Advanced JavaScript to crack Coding Interview Questions JavaScript Projects asynchronous Advanced JavaScript Libraries,Javascript,Object oriented programming,Asynchronous programming,Interviews
1155974,Microservices Interview Questions Preparation Course,Learn everything about Microservices. Save time in Interview preparation.,Api,Microservices,Interviews
1115162,Learning Path: Bootstrap 4 Application Development,Create attractive websites and web applications with Bootstrap 4 framework,Bootstrap,App development,Web development
738040,Introduction to Docker,Get started with Docker - even if you're not a Linux expert,Docker,Linux
758908,Basic C sharp Clearly Explained,A Friendly Invitation To Real C sharp,C sharp,Programming
826366,Building a ASP.NET MVC 5 Membership Website,"In this course you will learn how to build an MVC 5 website using C sharp, Entity Framework, HTML5, Css, JavaScript and Ajax.",Html5,Css,Javascript,Ajax,C sharp,Mvc,Entity
1039814,Learn Apache Cordova using Visual Studio 2015 & Command line,"This course will give you a low level understanding of Cordova, and how to use it with Visual Studio & Command line.",Apache cordova,Visual studio
949676,Learn the basics of C++ fast! Learn how to Develop Software,"Learn the basics of C++ from scratch, watch video tutorials and do quizzes to learn C++ Bootcamp",C++,Programming,Object oriented programming
930020,SQL with MySQL Database for Beginners - Zero to Hero,"Step by Step SQL with MySQL Database for Beginners, Non-Techs, newbs - Quick way to learn SQL using MySQL Database",Mysql,Databases
786584,Developing High Quality Android Applications,Learn How To Build Powerful Android Applications,Android development,App development
575880,The Complete Wordpress Course - Build Your Own Website Today,In this course students will learn a complete Wordpress course showing them how to build their own website from scratch,Wordpress,Blogging,Web development
1033356,Modern OpenGL C++ 3D Game Tutorial Series & 3D Rendering,"Learn modern OpenGL that underpins most new games, game engines and 3D rendering applications.",Opengl,Animation,Graphic designing,Game development,C++
830880,SQL Server Administration Part 3,"Learn High Availability Solutions like Log Shipping, Database Mirroring, Replication and Always On Availability Group",Databases,Sql server,Administrator
870650,Coding in Unity: Mastering Procedural Mesh Generation,"Learn to procedurally program meshes in Unity, from simple shapes to complex terrain and infinite fractal landscapes.",Unity,Desigining,Animation,Graphic designing,Game development
923944,Data Science- Hypothesis Testing Using Minitab and R,"Introduction to Hypothesis Testing, Performing Parametric and non parametric tests, Analysis of Variance",Data science,Testing,R,Analytics
2466378,Learn Programming and Web Development fast from zero in 2019,Build web applications with Django,Django,Python,Web development
2493586,Learn Python Basics,Towards Excellence In Programming in Python,Python,Programming
2495958,Master RESTful APIs with Spring Boot 2 in 100 Steps,Learn RESTful APIs using Spring Boot 2 with a Hands-on Step by Step Approach by building a User Management Service!,Management tool,Ui,Spring boot,Rest api,Api,Microservices
2499088,Fullstack Node.js and Express Bootcamp with Real Projects,"Learn How To Build an E-commerce app Using Node, Express, Sequelize, Nunjucks, HTML, Css, Bootstrap, JavaScript",Nodejs,Express,Html5,Javascript,Bootstrap,Sequelize
2502192,Mastering FinTech and Machine Learning!,Learn how successful people trade and invest! Dominate the world of  Finance with Python and Machine Learning!,Python,Machine learning
2503172,Learn Python for Data Science with Google's Colab,A latest refined Python course to quickly get you started with writing Python code and creating Python programs.,Python,Deep learning,Machine learning,Data science,Analytics
2510660,Master GameMaker Studio 2 By Making 5 Games From Scratch,Make Games With Free Version Of Game Maker Studio 2. Learn To Code And Make Games In One Place.,Game development,Gamemaker
2514486,Unity Game development: Create 2D And 3D Games With C sharp,Master The Fundamentals Of Game development And Learn How To Create 2D And 3D Games With Unity Game Engine,Unity,Game development,C sharp
2518996,WordPress Guide - Agency Secrets With 49 Free Templates,Learn How To Make Quality 50 Sites In The Same Time A Tutorial Will Show You How To Make A Single Site,Web development,Wordpress
2524268,PSD to HTML5 + Bootstrap: A Complete Guide,PSD to HTML5 is a modern way of converting PSD to html5. Learn how to convert PSD to Responsive Website using Bootstrap.,Html5,Psd,Bootstrap,Web development
2536250,Career Path for Front-end Developers: Beginner,Front-end Development for beginner and aspired professional,Frontend,Interviews,Html5,Javascript,Bootstrap,Database,Css
2538786,NestJs complete guide Blog with Swagger,The complete guide for developers how to create Blog using NestJs and Swagger.,Javascript,Blogging,Nestjs,Swagger
2541610,Kids Coding - Program A 3D Video FPS Games With Ease,Learn how to make an amazing 3D video game from scratch to a finished product that is ready for sale online,Fps,Game development,Designing,Animations
2546411,Learn Pull Requests Anatomy. Pull Requests In Depth Part 1,You will learn the structure of pull request and why to use them.,Data structures,Github,Git
2665252,React Hooks - Building Real Project From Scratch,Improve your React and React hooks skills with this series while developing real application,React,Javascript,App development
2665162,Flutter News Portal App-Firestore Backend(Android&ios App),"Build Flutter ios and Android Apps Using Firestore. Work With Flutter Advanced Features,Flutter Packages,Flutter Widgets",Flutter,Android development,Kotlin,Ios development,Firestore
2702362,C Programming On Windows For Beginners,Master C Programming On Windows Taught By A Professional Designed For Beginners,C,Programming,Procedural Programming
2714012,(NEW) Python Programming Course: The Complete Bootcamp,"Learn and understand the fundamentals of Python and how to apply it to data science, programming, and web development.",Python,Machine learning,Data science,Web development,Programming
2695142,Apache Spark 3 - Spark Programming in Scala for Beginners,Data Engineering using Spark Structured API,Data science,Python,Apache spark,Api
2699732,WebGL 2D/3D Programming and Graphics Rendering For The Web,Become an in-demand WebGL Ninja by learning all the web developments features for 3D online graphics and rendering,Webgl,Python,Graphic designing,Opengl
1175220,NLTK: Build Document Classifier & Spell Checker with Python,NLP with Python - Analyzing Text with the Natural Language Toolkit (NLTK) - Natural Language Processing (NLP) Tutorial,Nlp,Nltk,Python,Programming,Machine learning
1176312,RESTful Web API Design with Node.js - Second Edition,Explore the practical side of REST to build data-centric applications with Node,Rest Api,Api ,Nodejs,App development
1176360,Yii2 Application Development Solutionsâ€“Volume 2,Explore the advanced concepts of the Yii2 framework to create modern web applications quicklyâ€¦,Web development,Yii2
1263534,Learning Path: Mastering Ember.js Application Development,"Get started with building blazing-fast, high performance apps with Ember",Ember,App development,Javascript,Deployment
1199310,Devops Interview Questions Preparation Course,Learn everything about Devops. Save time in Interview preparation.,Devops,Interviews,Deployment
1282020,Angular Essentials (Angular 2+ with TypeScript),The most efficient way to dive into Angular 2+ if you got limited time or need to refresh the basics!,Angular,Web development,Devops
1283930,Create Your First RPG And FPS Multiplayer Game In Unity,Learn To Code In C sharp And How To Create Role Playing And First Person Shooter Multiplayer Games In Unity3D,Fps,C sharp,Game development,Unity
1287196,Java SELENIUM MasterClass CORE JAVA,QA Engineers Needs to Master Core Java,Java,Testing,Automation,Selenium
1396598,Python eCommerce | Build a Django eCommerce Web Application,Launch your business by learning to build your own eCommerce app step-by-step.,Python,Flask,Web development
1397660,Learn Reinforcement Learning From Scratch,This course is your guide to exploring the possibilities in the field of reinforcement learning.,Machine learning,Python
1399296,Complete C sharp Unity Developer: Create Games and Learn to Code,"Game development & design taught by using Unity. Learn C sharp and build your first games for web, mobile and desktop.",C sharp,Game development,Designing
1405812,The Complete Android Oreo Developer Course - Build 23 Apps!,"Learn Android O App development using Java & Kotlin - build real apps including Super Mario Run, Whatsapp and Instagram!",Android development,Java,Kotlin,Game development,Android Studio
1408282,HTML Programming For Beginners (THE Easy and Fun 3Hr Course),A fun and easy introduction to HTML coding and creating your own website,Html5,Web development
1412190,"Mock Interviews from Microsoft, Facebook and Goldman Sachs","Learn how to ace common types of problems typically asked in interviews by Facebook, MSFT, Google, GS and others.",Job,Interviews
1423166,Create A 3D Game In Augmented Reality | Step-By-Step Videos,Bring the retro classic Duck Hunting game to life in Augmented Reality (AR).  Learn key skills in Unity & Vuforia.,Ar,Unity,Vurforia
1428624,Best python course for beginners ( Basic + Advanced ),Build 11 Projects and go from Beginner to Pro in Python with the World's Most Fun Project-Based Python Course!,Python,Programming
1438796,Complete Python for data science and cloud computing,A complete & in-depth use case course taught by data science PHD & business consultants with thousand examples,Python,Data science,Analytics
1343468,Unity: Learn Android Game development by recreating games,"A guide on how to make the following games in Unity: Color Switch, aa, Flappy Bird, Dino T-Rex",Unity,Game development,Android development
1344876,What's New in Java 9 - Modules and More!,"Improve Your Career Prospects by Learning About New Java 9 Features Like Modules, JShell, Processes and More.",Java,Jshell,Programming
1473530,Complete beginners introduction to web development,Learn web development basics.,Web development
2236090,ML for Business Managers: Build Regression model in R Studio,Simple Regression & Multiple Regression| must-know for Machine Learning & Econometrics | Linear Regression in R studio,Machine learning,R,Algorithms,Python
2238888,The Laravel essential guide.,Learn to build beautiful web apps using Laravel. Includes three practice projects.,Lavarel,Web development
2256898,"Go Application Development â€“ Tips, Tricks, and Techniques",Practical tricks to improve efficiency in Go App development,Golang,App development,Object oriented programming
2266866,Complete React Native bootcamp - Build 18 iOS & Android app,"Includes Redux, firebase and lots of projects",Redux,Firebase,Web development
2271250,WordPress and WooCommerce: Getting started,"Learn WordPress quick start by half an hour. Install and configure WooCommerce website, the same as half an hour !",Wordpress,Blogging,Cms,Woocommerce
2340766,React Native in 7 Steps,Get started with React Native development for iOS and Android with a single code base written in JavaScript,Javascript,Ios development,React native,App development
2345870,Angular ASP.NET Core Bootcamp,Learn how to use latest version of Angular and ASP.NET Core to create interactive websites,Asp.net,.net,Angular
2350400,Learn Hadoop and Spark analytics,On Microsoft Azure using HdInsights,Azure ,Cloud,Hadoop,Spark
2353504,Natural Language Processing - Basic to Advance using Python,Learn NLP Basic to Advance (using ML & DL) in Python. Become NLP professional by learning from NLP professional,Nlp,Python,Machine learning,Deep learning
2363752,Xamarin Android: Learn to Build Native Android Apps With C sharp,"Become a Xamarin Pro Android Developer with C sharp. Includes Quiz App, Social App, Maps App, Firebase. Build Real World Apps",C sharp,Android development,Firebase,Xamarin
2377246,Learn SAS Programming from Scratch,Become a SAS analyst by learning the basics of SAS programming and advanced topics like SAS SQL Procedure and Macros,Sql,Sas,Analytics
2386774,MongoDb With .Net Core-Sagar Jaybhay,Mongo & .Net,Mongo,.net,Microservices
2150700,Rest API Testing using Robot Framework - Request Library,Basic to advance understanding of API Testing | Robot Framework | Requests Module,Testing,Automation,Api,Microservices
2153048,Kotlin : Complete step by step guide for Beginners,Learn everything about Kotlin from start to finish. Build solid kotlin foundation for building apps using kotlin Android,Kotlin,Android development,App development
2141226,Object Oriented Python,Coding the way the cool kids do it!,Python,Object oriented programming,Programming
2143480,Learn to build 40 2D and 3D games in UnityÂ®!,Build your first simple games by learning fast Game development. Learn to code in C sharp today with efficient projects!,Unity,Game development,C sharp
2136422,Practical Devops Security,Protect your organisation with the collaboration of Devops and security,Devops,Deployment
2141234,Weather Application with Angular Express,Angular and Express... Putting it together!,Angular,Express,Javascript,Web development
2149812,"Intro to Coding: HTML, Css & JavaScript",Discover why you need to learn how to code & how to get started today!,Html5,Css,Javascript,Programming
2155402,JavaScript in Action 3 projects DOM JavaScript mini apps,Explore how to create interactive applications.  Learn to apply JavaScript to build applications useful code snippet,Javascript,Programming,Web development
2156868,Machine Learning & Deep Learning with TensorFlow,Unlock modern machine learning and deep learning techniques with the cutting edge library - TensorFlow,Tensorflow,Machine learning,Python,Deep learning
2160644,Procedural Race Tracks - Houdini 17.5/18 and Houdini Engine,"Create a full Procedurally built Level with Houdini 17.5, Houdini Engine, Unity 3D & Unreal Engine 4",Unreal,Unity,Houdini engine,Game development
2195232,Machine Learning with Jupyter Notebooks in Amazon Aws,"A comprehensive look into Machine Learning using Dynamic Programming, Python and SageMaker service offered by Amazon Aws",Aws,Machine learning,Python,Sagemaker,Programming
2181734,Kubernetes Certification Training For Absolute Beginners,Learn Kubernetes and container orchestration from ground up,Deployment,Kubenetes,Docker,Cloud
2188314,Learn Python Programming to Land up in a Job,Learn Python programming from scratch till advance topic along with application and Game development to land up in a job,Python,Game development,Job,App development,Pygame
2200924,Hands-On Natural Language Processing with Pytorch,Build smart language applications using Deep Learning,Deep learning,Pytorch,Nlp,Python
2207892,"Master Machine Learning , Deep Learning with Python","Complete course covering fundamentals of Machine learning , Deep learning with Python code",Deep learning,Python,Machine learning,Analytics
2581436,Create a Python Application to connect to multiple databases,Create a Python App and Connect to and interact with Databases : PostgreSQL | MySQL |SQL Server | Oracle|SQLite,Sql server,Oracle ,Sqlite,Postgresql,Database,Python
2584098,Elementor create a Wordpress website without coding,Master Elementor plugin to design professional website,Elementor,Desigining,Web development,Ui
2587526,Complete Python 3 and Matplotlib Data Visualization,"Learn Python 3 Data Visualization: Jupyter, NumPy, and Matplotlib in a single course and create awesome visualizations",Python,Data visualization,Jupyter,Numpy,Matplotlib,Analytics
2559774,Learn Advanced Bootstrap 4,Everything you need to know to Build a 4 Web Page Website with Advanced Bootstrap 4,Bootstrap,Web development,Html5,Css,Javascript
2563348,Hands-On Unsupervised Learning with TensorFlow 2.0,Learn unsupervised learning in Python with hands-on practical applications for each learning model.,Tensorflow,Deep learning,Python
2573850,iOS 13 - How to Make Amazing iPhone Apps: Xcode 11 & Swift 5,"Learn SwiftUI, Dark Mode, Sign in with Apple, Swift Package Manager and SF Symbols on the new Xcode 11 and Swift 5.1",Ios development,Xcode,Swift
2580640,.NET CORE API development,develop .net core APIs,.net,Api ,Microservices
2589260,Python GUI Programming Using wxPython for Beginners,Build Python GUI Desktop Applications With wxPython,Python,Wxpython,Gui,App development
2589838,Build Intro Views In Flutter Application,A Flutter package for simple material design app intro screens with some cool animations.,Flutter,Android development,Ios development,App development
2597238,Mastering SQL Server 2016 Integration Services (SSIS)-Part 2,Learn How to Create SSIS Packages From Scratch Step By Step,Sql server,Ssis
2603148,Learn dynamic programming using Python.,The course provides you with a thorough knowledge of new aspects of smart programming using new and interactive features,Programming,Python
3584730,Twilio - Make a complete Call Centre in React and Node,"React, Node and Twilio - Create a complete call centre with SMS authentication, waiting queues & answer calls in browser",React,Node,Twillio,App development
3596860,Power Apps: master PowerApps with a hands-on example,Want to learn Power Apps? Learn Microsoft PowerApps by creating this low code app yourself!,Powerapps
3605624,Build web applications without writing  any code with bubble,Create web apps with visual programming using bubble,App development,Bubble,Powerapps
3618040,Become a Web Designer - HTML & Css for Beginners,Enable your career to become a Web Designer by learning HTML5 and Css3,Html5,Css,Web development
3622250,Python Programming Bootcamp 2021 - Building 15 Applications,"Build Python GUI apps, perform Data Science, Machine Learning, Artificial Intelligence, Python Django - Web Development",Ai,Web development,Python,Machine Learning,Django,Data science
3528924,SQL-MySQL: 2021 Complete Master Bootcamp | Beginner - Expert,"SQL Database, Advanced SQL, Data Analytics,  Business Analysis | Apply to Oracle, SQL Server & PostgreSQL | Get Hired!",Sql,Analytics,Data visualization,Postgresql,Sql server,Database
3575075,PHP Beginners to Pro,Learn how php works and make web development easier,Web development,Php,Database
3587142,"Learn Aws Identity Management with Aws IAM, SSO & Federation","Deep dive into Amazon Aws Identity Access Management (Aws IAM) + Aws Organizations, Directory Service, Federation & SSO",Aws,Cloud,Management tool,Iam,Sso
3361124,Test Case Management (Fundamentals & TestRail Demo),Learn more about Test Case Management & TestRail Tool,Management tool,Testing,Analytics
3369428,Learn to use Git and Github with Eclipse: A Complete Guide,Practical course for learning how to use to Git and Github with Eclipse with step by step details,Git,Github,Eclipse,Java
3371548,HTML5 & Css3 Course: The Complete Guide (Step by Step),Learn to Build (RWD) Responsive Websites with HTML5 & Css3,Html5,Css,Pwa
3372634,JavaScript ES6 Course: ECMA Script 6 (Step by Step),Learn the most important parts of modern JavaScript with Complete JavaScript ES6+ Course.,Javascript,Web development
3375372,Elementor & WordPress Masterclass! Build 3 Amazing Websites,Build 3 awesome WordPress websites with Elementor page builder from scratch & also master the fundamentals of Elementor,Elementor,Wordpress,Blogging,Web development
3421798,The Complete Oracle APEX Fundamentals Course (2021),The easiest way to learn Oracle APEX 20 (latest) step-by-step from scratch. Rapidly develop a new project with low code.,Java,Testing,Oracle apex
3447422,React & Angular: Complete Guide for Beginners (Step by Step),Complete Beginners guide to get started with React JS & Angular 10. Step by Step instructions with projects included,React,Javascript,Angular,App development
3435010,"Neumorphic Design Todo List in SwiftUI, MVVM and Core Data",Let's build complete Task Manager app in SwiftUI following Neumorphic UX design pattern,Ui,Swift,App development
3436728,AR Game development - Space Shooter with AR Foundation,"Discover the cross-platform development package AR Foundation, and create an AR spaceship shooting game in Unity.",Ar,FPS,Game development,Unity
3444474,Become Business Analyst,Buusiess Analyst,Management tool,Analytics,Data processing
3490398,Learn HTML: Course For Beginners,Complete Guide to Learn HTML for Beginners,Html5,Web development,Css,Bootstrap
3491578,React and Redux for Absolute Beginners,Walkthroughs on basics React and Redux,React,Redux,Web development,Javascript
3496408,Deep Learning CNN: Convolutional Neural Networks with Python,"Use CNN for Image Recognition, Computer vision using TensorFlow & VGGFace2! For Data Science, Machine Learning, and AI",Tensorflow,Python,Machine learning,Deep learning,Data science,Ai
2893838,Vue js 2 - Beginner to Developer,Learn Vue js 2 completely (including vue router and vuex) in just 8.5 hours,Vue,Javascript,Web development
801656,Raspberry Pi Step By Step: You Complete Guide,Master software and hardware projects creation using Raspberry Pi and Python.,Raspberry pi,Python,Automation,Hardware
1926050,Fundamentals Of Programming With Kotlin,Software development for absolute beginners.,Kotlin,Android development,App development
1120606,Online Sales Blueprint,Online Sales Blueprint With FREE SOFTWARE,Management tool,Automation,Analytics
3315840,English for IT fundamentals terminology,English 4 IT,Admininstration,It,Management tool
417050,Embroidery Software: Digitizing an African Leopard in Embird,Learn how to use Embroidery Software to Digitizing an African Leopard in Sfumato. How to apply radial background,Automation,Desigining
2652000,SOLID Principles: Software Architecture |Design Better*,Gain The SOLID understanding of Software Architecture & Design,Architecture,Desigining,Cad
2433792,Hardware Asset Management in ServiceNow,The perfect course for managing Hardware Assets in ServiceNow! Unlock the full benefits of IT Asset Management (ITAM)!,It,Management tool,Hardware,Administrator
2462776,LinkedIn; Job Search; Job Hunting; Find A Job Course,"LinkedIn; Resume; Job Search; Interview Skills; Special Coverage For Computer Engineering, Software Development More",Interview,Programming,Job
3032650,SAS A00-211 Base for SAS Software 9 Certified Practice Exam,Attend this SAS A00-211 Base for SAS Software 9 Certified Practice Exam will get a Good Score 80% on Main Exam,Software,Sas,Management tool,Analytics
1379332,Learn Manual Testing:basics for beginners,learn basics of manual testing in software testing,Testing,Automation,Administrator
2339316,Agile Requirements: Managing Requirements in Scrum Framework,An detailed discussion on how the requirements are handled in Agile software development with the Scrum Framework,Agile,Sdlc,Scrum,Management tool
3587624,CSSLP Secure Software Lifecycle Professional Practice Exam,Attend this CSSLP Secure Software Lifecycle Professional Practice Exam will get a Good Score 80% on Main Exam,Sdlc,Programming,Software,Csslp
386530,Embird Embroidery Software: Continues line quilting blocks,Learn how to use Embird Embroidery Software to create Continues line quilting blocks Use only outlines to create curves,Designing,Graphic designing,Embroidery,Software
3229803,Oracle 1Z1-574 IT Architecture Essentials Practice Exam,Attend this Oracle 1Z1-574 IT Architecture Essentials Practice Exam will get a Good Score 80% on Main Exam,Oracle,It,Architecture,Cloud,Interview
2893206,Oracle 1Z1-574 IT Architecture Essentials Practice Exam,Attend this Oracle 1Z1-574 IT Architecture Essentials Practice Exam will get a Good Score 80% on Main Exam,Oracle,It,Architecture,Cloud,Interview
3800428,CISSP Software Security Certified Practice Exam,Attend this CISSP Software Security Certified Practice Exam will get a Good Score 80% on Main Exam,Cissp,Security,Software,Practice
302486,Xero Xpert Advanced Knowledge for Xero software users,Advancing your understanding of using Xero Accounting software,Xero,Accounting,Management tool
578390,Games Tester How To Become A Professional,Equip yourself with knowledge to become a full time games tester and get paid todo it.,Game development,Unity,Blender,App development
3283566,Oracle 1Z1-574 IT Architecture Essentials Practice Exam,Attend this Oracle 1Z1-574 IT Architecture Essentials Practice Exam will get a Good Score 80% on Main Exam,Oracle,It,Architecture,Cloud,Interview
3875046,Oracle 1Z1-574 IT Architecture Essentials Practice Exam,Attend this Oracle 1Z1-574 IT Architecture Essentials Practice Exam will get a Good Score 80% on Main Exam,Oracle,It,Architecture,Cloud,Interview
510888,How To Get Your Dream Job? It Starts With The Interview,Ace your job interview by being prepared before and during your interview to be able to handle anything thrown at you,Job,Interviews
2856268,How to Start an Amazon Wholesale Selling Business from Home,"Source Profitable Wholesale Products from Your Laptop & Resell them on Amazon [Sites, Strategies, & Software Included]",Marketing,Online selling,Software,Strategy
1163986,eBay - Automate Drop shipping Listing Creation & Stock Sync,"Introduction to dsLister, software to make bulk eBay listings from Home Depot, WalMart, Overstock",Marketing,Shipping,Logistics,Online selling
498224,Fiverr Animation Best Selling Gig: Sell Animation on Fiverr,Best selling Gig on Fiverr: Sell Animation! How To Use Animation Software Easy Animated Promo and Sales Videos on Fiverr,Animation,Graphic designing,Fiverr,Video editing
1319746,Automated Software Testing with Python,"Learn about automated software testing with Python, BDD, Selenium WebDriver, and Postman, focusing on web applications",Automation,Testing,Bdd,Python,Postman,Selenium,Postman
1494648,Risk Management for Cybersecurity and IT Managers,The management's guide to understanding Risk Management decisions in cybersecurity and information technology (IT)!,Cybersecurity,Security,Software,Risk management,Admistrator,Management tool,It
524990,Software Architecture (SOLID) & Design Patterns in Java,"A guide to Create Smart, Reusable Softwares with SOLID Principles and Design Patterns",Sdlc,Java,Design patterns,Solid
3249848,Software development in Python: A practical approach,"Build with the new Qml 3 | Learn how to build a python bundled app (.exe, .dmg, .sh, etc) and a wheel (.whl)",Python,Programming,Qml,App development,Desktop application
359550,Master Object Oriented Design in Java - Homework + Solutions,Don't just learn Java! Learn to write practical industry standard object oriented software and super charge your career!,Object oriented programming,Java,Programming,Automation
960796,Software Engineer Interview Unleashed,Learn how to make yourself ready for software engineer interviews from a former Google interviewer.,Software engineering,Interviews,Job
697806,Python scripting for Software Testers,With realtime testing project work,Python,Programming,Testing
432514,IT Security and Ethical Hacking,"Learn the basics of IT Security, Ethical Hacking and its various concepts. Work on your certification!",Python,Programming,Testing,Cybersecurity,Wireshark,Security,It
1266500,Business analysis & Scrum with JIRA for Software development,"Become a great business analyst, product owner & scrum master with JIRA & Confluence. Business analysis & Scrum course.",Agile,Sdlc,Jira,Scrum,Software development
2717464,"Plan Your Life: Dream It, Plan It, Do It - Life Planner",An intense study and review to enable YOU to design YOUR ideal life!,Automation,Planning
1236992,Software Architecture: Meta and SOLID Principles in C sharp,Learn how to develop maintainable software systems applying Design Patterns based on Meta and SOLID Principles,Sdlc,Solid,Design patterns,Meta,C sharp
310198,Design Patterns In Python OOP for Software Architecture,Design Patterns In Python OOP for Python Projects Software Architecture Using GoF Design Patterns System Analysis UML,Python,Object oriented programming,Programming,Design patterns,Uml
1093488,Introduction to QA Software Testing  Professionalism,Learn QA SW Testing concept and decide if Quality Assurance Testing career is for you,Testing,Software,Quality assurance,Automation
1543510,Software Testing/ QA: Learn Basic Testing with live examples,"Software testing, testing, performance testing, software engineering, software quality, quality assurance, manual test",Testing,Software,Software testing,Quality assurance,Manual testing
3146868,Working Class Java | Beginners Guide to OOP & Software Arch.,"A Clear, Simple, Comprehensive, and Practical Guide To Programming With Java; suitable for Desktop, Mobile, & Web",App development,Web development,Mobile application,Java,Programming,Object oriented programming
1504080,Software Design: Functional Programming in C sharp,Learn the principles of Functional Programming & how to apply them with the power of C sharp to improve software architecture,C sharp,Design patterns,Functional programming,Sdlc
965306,Forex: What's a Trend and When it is Strong and Reliable,Recognize When a Trend is Strong and When it is Not. Improve Your Performance and Prevent Up to 30% of Losses.,Trading,Currency,Investing,Software,Stocks,Market
2394346,Software Development Lifecycle & Methodologies,Learn how software development works straight from the source: a CTO of a fast-growing startup.,Sdlc,Software development,Management tool,Administrator,Agile
3248670,Hack Your Resume 2020: Software Engineers & Web Developers,Learn to build and write a world-class software engineering resume to land more interviews with proven tips & tricks.,Software engineering,Web development,Interviews
2691654,Java from Zero to First Job: Part 1 - Practical Guide,"Learn Java from scratch and become Java Software Engineer: Basics, OOP, Interview questions, Git, Java Collections etc",Java,Github,Object oriented programming,Job,Interviews
3704956,Agile Kanban: Kanban for Software Development Teams,Learn the Kanban way of Agile Project Management | Prepare for Kanban Certification | Kanban for Software Development,Agile,Kamban,Sdlc,Design patterns
2339548,Beginning Software Development with Python,Learn how to think like a professional software developer with python,Software development,Python,Programming
2290725,"Software Testing: WEB, Mobile, API + 12 tools + ISTQB exam","ISTQB, Jira, HTTP/HTTPs, Charles, HTML, CSS, SQL, Postman, Java, JMeter, Git, IntelliJ IDEA, Android Studio, ADB, Bash.",Web development,App development,Mobile application,Api,Android studio,Adb,Git,Jmeter,Html,Css,Bash,Intellij
1880578,"Learn How To Design A Website Via Software, Wordpress, Ecom",Short Course From Zero To Hero On How to Create A Website Professionally,Web development,Website,Wordpress,Html,Css ,Javascript
729970,Java 1000: Professional Java for the New Software Developer,Introduction to programming ... for the complete beginner!,Programming,Java,Software,Software developer
306458,Design Software Training Bundle,Learn different industry standard software related to design,Design patterns,Sdlc,Software
1192530,Introduction To Software Testing,Learn the Basic of Sotware Testing in Less than Hour,Testing,Automation,Software
2538060,Quality Assurance Mastery - Manual Software Testing,Become Quality Assurance Engineer as a Complete Beginner. QA Masterclass for Junior QA Engineers.,Testing,Quality assurance,Automation
1190348,Essentials of Software-as-a-Service (SaaS) Business,Learn the essentials of emerging field so that you can become the new business or marketing rockstar of SaaS!,Saas,Cloud,Business
2313766,Make Your Own Digital Store and Start your Software Business,Start your Own Software Business,Business,Management tool,Administrator,It
1703896,Software Engineering: Programming Fundamentals,An introduction to software engineering and programming fundamentals.,Software engineering,Programming,Design patterns
1026206,Compare Website Builder Software,We look at Squarespace vs Weebly vs Wix vs Google Sites vs Wordpress vs Webydo vs Webflow vs Sidengo vs LightCMS & More,Web development,Google sites,Webflow,Sidengo,Wordpress,Wix,Weebly
378912,CRUSH IT !!! â€“ Sales Strategies,Discover a step by step sales process you can drop into your business to re-connect with lost prospects. Close Sales Now,Strategy,Marketing,Online selling,Sales
939452,How to solve the logic puzzles on IT interviews?,Methods and examples of solving the most popular logical puzzles from IT interviews,It,Interviews,Job
2777862,Xero Accounting Software,"Learn Xero accounting software in a comprehensive online course taught by a practicing CPA, CGMA, CPI, with BS tax",Accounting,Xero,Cpa,Cgma,Cpi,Auditing
2385176,Fundamentals Of Agile Software Development,"Agile Fundamentals, Agile Manifesto and Principles, Overview of Agile Methodologies",Agile,Sdlc,Design patterns,Software developer
2791616,Double Your Software Developer Income as a Consultant,Learn how to use the power of your own business and start earning top dollars,Consultant,Management tool,Business,Software developer
907694,Algorithms and Software Engineering for Professionals,Understand the core concepts and algorithms of software engineering using Java,Algorithms,Data structures,Java,Design patterns
1048072,Intro to Engineering Models for Software & Web Developers,A thorough knowledge of engineering models gives software and web developers a better way to design secure applications.,Web development,App development,Design patterns
1166040,Enterprise IT Business Analysis,IT Business Analyst (BA) Role Orientation - Enterprise IT Analysis Project Level,Business Analyst,It,Analytics,Enterprise
2555079,Learn Software Testing Tools,Fundamentals of Software Testing,Software,Testing,Automation
2914958,LinkedIn Fundamentals - Is your profile the best it can be?,Does your profile show your top skills? Is it up-to date? Does it tell the reader how you can help them?,Linkedin,Job,Skills
2224224,Learn Commvault Deploying in AWS or Azure,Implementation of Commvault Backup Software in AWS & On premise Data ceneter,Cloud,Aws,Data center,Data warehouse
2145334,Mediatek (MTK) Android Software Repairs,"A solid foundation in fixing software issues on Mediatek Smartphones, Feature phones, Smartwatches and Tablets .",Embedded programming,Hardware,Repairs,Fixing,Mediatek
2589936,Estimates in Agile software development,"Concepts, tools, processes and techniques for estimating real day-to-day software projects in Agile (Scrum and Kanban)",Agile,Kamban,Sdlc,Software management,Design patterns
622650,Anxiety: Beat It and Regain Peace,Understand Anxiety and How to Control it so it is no longer in Control of you,Productivity,Creativity,Management
524620,Building Software Products At Startups ,Perfect for entrepreneurs and product managers wishing to learn how to build products that customers actually want,Management tool,It,Startups,Product management
2584390,Soft skills for IT Architects and IT Practitioners,"Leadership, communication, presentation, facilitation, consulting, analysis and problem solving, emotional intelligence",It,Administrator,Cloud,Management tool,Leadership
561492,Object Oriented Programming,Learn how to write better code using Object Oriented Programming Techniques.,Object oriented programming,Programming,Design patterns
310190,Design Patterns In C sharp for Software Projects & Architecture,Design Patterns in C sharp OOP .NET for C sharp Projects Software Architecture Using GoF Design Patterns System Analysis UML OOP,Uml,Analytics,Object oriented programming,Gof,Design patterns,C sharp,.net,Sdlc
2632028,"Interaction Tests, Mocks & Refactoring in Embedded Software",Dr. Surlyâ€™s School for Mad Scientists: Advanced Test Driven Development for Embedded & System Software in C,Automation,Testing,Embedded programming,Software
342418,Software Agile Development,"Concepts, techniques, best practices and approaches to  Agile Development.",Agile,Sdlc,Software development,Design patterns
23939,How to Ace Your IT Exams,"Exam tips, tools and strategies to help you finally master the content, retain the information and ace your IT exams.",It,Exams,Job
2443252,Defining the Vision and Scope for a Software Project,"The vision and scope is the guidance for all software projects, regardless of methodology used for the SDLC.",Sdlc,Software,Project management,Software management,Project management
22809,American Accent Training for IT Professionals,This course teaches Information Technology professionals how to communicate clearly and effectively in American English.,It,Training,English,Soft skills
1399714,How to become a Content Strategist in 2020 and be good at it,"In 4 easy-to-follow steps, learn about Content Strategy and how to succeed at it",Strategy,Management tool,It,Administrator
2396452,IT/NON-IT Recruiter Training to become a Recruiter (Junior),"Recruitment Training,  Boolean Search,  US Tax Term,  H1B Visa, W2, 1099, CorpToCorp, OPT EAD, STEM EAD, GC EAD, H4 EAD",Hr,Job,Opt ead,Stem ead,Strategy,Recruitment
3655934,ServiceNow IT Service Management (CIS - ITSM) Practice Tests,Prepare for the ServiceNow Certified Implementation Specialist exam in IT Service Management (CIS-ITSM) in Paris Release,Cis,Itsm,It,Service ,Management tool,Administrator
112514,Rebuild Your IT Career in 90 minutes,You don't need to rebuild your IT career from scratch. A few simple tweaks can rekindle your work enjoyment.,It,Job,Interviews
1254174,Python & SoftwareEng: Professional Programming for Beginners,Hands-on training to become professional software engineers. Learn concepts and practises in a contextual manner.,Software engineering,Python,Programming
609632,Get Control of Your IT Project Portfolio,A Four-Phase Approach to IT Demand Management,Management tool,It
2761938,IT Audit Fundamentals | Introduction to Controls and Testing,"Learn the foundational principles of IT audits, controls and testing. Includes 10 Practical Audit Learning Activities.",Auditing,It,Management tool,Administrator
3595954,Software Engineering and Architecture guide for Engg Leaders,2020 TECH GUIDE for Engineering Leaders in Software Industry,Architecture,Software engineering,It,Management tool
773366,Learn Basecamp 3 - Project Management Software,"Need to learn Basecamp project management software quickly? This course is for new employees, freelancers & businesses.",Management tool,Administrator,Automation,Basecamp
2118490,Lean Six Sigma Black Belt for IT Professionals,Black Belt certification course exclusively designed for professionals who are working in IT and Technology companies!,Management tool,It,Administrator,Black Belt,Sigma
855228,ISTQB Foundation Level Agile Tester  Exam - Updated,An online course to Be an ISTQB Agile certified tester and learn testing techniques in various Agile methodologies,Sdlc,Agile,Istqb agile certified,Exam,Practice
1596292,Manual Software Test Execution and Defect Management,Learn the Basics of Manual System Testing and Defect Management,Management tool,Testing,System testing,Administrator
141050,1 hour excel for absolute beginners,Learn the basics of Excel the powerful spreadsheet software!,Excel,Data processing,Data management,Data visualization
3879452,Complete IT Interview Training,IT Interview Learn and skills | IT Interview Preparations,It,Job,Interviews
940842,How to Build a Basic HMI and Connect it to a Modbus Slave,Build your very first Human Machine Interface and animate it by connecting it to a Modbus Slave device,Hmi,Mobus slave,Interface
435262,How to Live on Less than Most People Do (and Enjoy Doing It),The A-Z Guide to Living Far Below Your Means (even if youâ€™re living in a metro area) and enjoy it.,Creativity,Automation
52454,How to Create eBook Cover Graphics Using Free Software,Create eBook covers for the Kindle publishing platform or any other digital self-publishing platform with free software.,Graphic development,Desigining,Software,Publisher
481696,Code & Grow Rich:  Earn More As An Entrepreneur Or Developer,"Make More Money as an Entrepreneur,  Web & Mobile App Developer, Software Engineer, Startup Junkie, or Programmer",Web development,App development,Software,Programming
2922124,Aplos Not for Profit Accounting Software,"Learn to use Aplos, a software specifically designed for Not for Profit Organizations, from a practicing CPA",Aplos,Cpa,Accounting
2310964,Darktable software the complete course for photo editing,Best open source software to organize edit and enhance photos,Software,Photography
1811178,B-1 Backend basics for IT recruiters (IT recruitment),The first part of of 6th courses for IT recruiters about backend technologies for developers hiring,Web development,It,Backend
3256720,Amazon FBA Using Software's to source products for resale,Resale on different platformes,Marketing,Amazon fba,Software
2239258,IT Automation and Configuration Management with Puppet,Control your IT infrastructure effectively and become a Configuration Management master with the power and flexibility o,It,Automation,Management tool,Puppet,Admistrator
2797342,QuickBooks Online vs Xero Accounting Software 2020,Compare leading online software packages with a practicing Certified Public Accountant (CPA),Cpa,Accounting,Software,Quickbooks,Xero
1947862,"Open Source A-Z for Strategists, Managers, & Analysts","Analyze and design Open Source business models, digital strategy, software licensing plans, and open source audits.",Audit,Software,Analytics
3648554,How to automate inbound sales using automation software,Learn how to turn free trials into paying customers with automated email marketing and customer segmentation.,Automation,Marketing
475914,Chugging - it don't mean a thing if it ain't got that swing!,"Rhythm harmonica for blues, country, rock, folk, jazz - any music works better with a beat or groove. Swing it and see.",Music,Productivity,Software
3173666,Software Defined Radio and Signal Processing with GNU Radio,Real Time Radio Frequency (RF) Communications| Real Time DSP| Master Graphical Block Programming| Ethical Hacking|,Dsp,Cybersecurity,Rf,Hacking,Ethical hacking
2867542,SACS software Course: Module I,"Inplace analysis, PSI, Dynamic, Launching, Lifting, and Upending analysis",Sacs,Psi,Analytics
3351932,E-Commerce Masters Course - Setup your own Online Business,"Build store with zero coding and your Online Business in Software, Education, Leather & Cybersecurity with Web Security.",Software,Education,Leather,Cybersecurity,Management tool
849006,Gnu Accounting software in Easy Steps,Go from novice to expert user with the help of a GNU Bookkeeping expert,Accounting,Gnu,Bookkeeping
3221971,Specialize in QA Manual Testing with Live Project+AGILE+JIRA,"Become a Master in Manual Testing QA with Live Testing Projects, AGILE, JIRA, 100+Interview Questions & Lifetime support",Agile,Jira,Testing,Interviews
3283152,Choosing Warehouse Management Software,Understanding the reasons behind choosing the right Warehouse Management Solutions,Data processing,Warehouse,Management tool,Solutions
3216981,Retail Arbitrage from Home with Software [Full Masterclass],How to Resell Products Online for a Profit Right from Home,Marketing,Software,Business
361842,Clean Your Computer & Make It Run Fast - with No Cost Tools,"A step-by-step guide to fixing your computer with no cost programs & a little bit of knowledge, avoiding costly repairs.",Admininstrator,It,Management tool
3738900,Practical Guide: Cyber & IT Auditing-Audit Fieldwork,Gain Cyber & IT audit controls testing skills/knowledge with 30+ practical learning exercises!,Cybersecurity,It,Audit,Management tool,Admistrator
1911074,Software's Next Step- Become A Data Driven Agile Philosopher,The meaning of agile lies in classical liberalism and objectivism,Agile,Sdlc,Software
1440288,ZKT Attendance Management Software Training,Learn to Deploy Biometric Time and Attendance System. Step-by-Step Guide!,Deployment,Administrator,Software,Testing
3338650,Beginners Guide Microsoft Teams for Office 365 | IT Support,Microsoft Teams - IT Support,Office ,Office 365,It,Microsoft teams,Support
2637528,IT Support Technician Tier 1 Interview Prep,"Successfully prepare for your IT Technical Support Tier 1 interview, Be fully prepared and pass your interview.",It,Support,Interviews,Technician
3273578,"JUnit 5, Mockito, PowerMock, TDD, BDD & ATTD",Learn JUnit 5 (JUpiter) + libraries for unit and integration testing from scratch together with test-driven development,Junit,Testing,Mockito,Powermock,Tdd,Bdd
3340966,Software Developer Interview Guide: Must Know SQL Questions,Crack the Software Developer Interview with SQL Questions,Sql,Databases,Software,Interviews
77732,Advanced Object Oriented Analysis of Hard Problems using UML,Take your software and business analysis skills to completely new levels with advanced UML conceptual modelling.,Uml,Desigining,Object oriented programming,Software
3302726,Microservices Architecture - The Complete Guide,Become an expert in the most popular Software Architecture style in the world!,Api,Microservices,Architecture,Software
3185820,"Communication Skills - SAP, IT Consultant & Project Managers","Practical Tips from Experienced SAP, IT Consultant & Project and Business manager.",Sap,It,Consultancy,Management tool
2795606,CISA IT Service Delivery and Support Certified Practice Exam,Attend this CISA IT Service Delivery and Support Certified Practice Exam will get a Good Score 80% on Main Exam,Cisa,It,Service,Delivery,Support,Practice
738842,ETL Testing: From Beginner to Expert,ETL Testing: Essential course for all software testing professionals.,Etl,Data processing,Testing,Software
3832264,98-361: Software Development Fundamentals (using VB.Net),"Learn Visual Basic, Web and Desktop applications, and databases. Practice for 98-361 (VB version).",App development,Visual basic,Web development,Desktop applications
3398424,Introduction to R Programming,Basics of R Software,R,Programming,Analytics,Data processing
3483742,Software Engineering Fundamentals Tests,Software Engineering,Software,Sdlc,Designing,Testing
3420920,SOLID Principles using JAVA,The Best Guide to write a clean & elegant software,Java,Programming,Object oriented programming,Sdlc
2959670,CISA IT Service Delivery and Support Certified Practice Exam,Attend this CISA IT Service Delivery and Support Certified Practice Exam will get a Good Score 80% on Main Exam,Cisa,It,Support,Exam
3639562,Clean Machine Learning Code,Even Bad ML Code Can Function. This course provides practical solutions to prevent disasters in ML software product.,Machine learning,Software,Programming,Python
479440,Part 2 Certified Enterprise Architect Certification Training,"Software architecture certification with TOGAF 9Â® Part 2 exam, to become TOGAF Certified.",Architect,Software,Certification,Training,Togaf
2241060,VSTS (Azure DevOps) : Crash Course for Software Testers,Agile Activities for Project Management | Testing Activities,Azure ,Cloud,Testing,Devops
1919222,A 3-Step Process for passing IT Service Management Exams,Be Prepared  IT Service Management concepts within the best practices domain with the key processes.,It,Management tool,Networking
1742762,Design Patterns Simplified,A Comprehensive Guide for Software Developers and Aspiring Architects,Designing,Sdlc,Programming,Software
1668910,IT Certification - Study guide to pass at first attempt !,"How to pass at first attempt top paying IT certifcations like CISSP", PMP, CISM, CRISC, AWS, CCSK, BLOCKCHAIN EXPERT,Cissp,Cism,Pmp,Crism,Aws,Cloud,Blockchain
