Frontend-developer,Css
Frontend-developer,Finance
Frontend-developer,Html5
Frontend-developer,Scala
Frontend-developer,Architecture
Frontend-developer,Security
Frontend-developer,Sas
Frontend-developer,Javascript
Senior Fullstack Engineer,Design
Senior Fullstack Engineer,Interactive
Senior Fullstack Engineer,Engineering
Senior Fullstack Engineer,Html5
Senior Fullstack Engineer,Aws
Senior Fullstack Engineer,Apis
Senior Fullstack Engineer,Mobile
Senior Fullstack Engineer,Analytics
Senior Fullstack Engineer,Analytical
Senior Fullstack Engineer,Communication
Senior Fullstack Engineer,Technical
Senior Fullstack Engineer,Testing
Senior Fullstack Engineer,Process
Senior Fullstack Engineer,Algorithms
Senior Fullstack Engineer,Javascript
Senior Fullstack Engineer,Computer science
Senior Fullstack Engineer,Cloud
Senior Fullstack Engineer,Writing
Full Stack Developer,Ux
Full Stack Developer,.net
Full Stack Developer,Architecture
Full Stack Developer,Nosql
Full Stack Developer,System
Full Stack Developer,Sql
Full Stack Developer,Javascript
Full Stack Developer,Linux
Full Stack Developer,Recruitment
Frontend Technical Lead,Startup
Frontend Technical Lead,Design
Frontend Technical Lead,Architecture
Frontend Technical Lead,Selenium
Frontend Technical Lead,Technical
Frontend Technical Lead,Javascript
Frontend Technical Lead,Ai
Software Engineer - Web UI,Saas
Software Engineer - Web UI,Design
Software Engineer - Web UI,Safety
Software Engineer - Web UI,Coding
Software Engineer - Web UI,Engineering
Software Engineer - Web UI,Ruby
Software Engineer - Web UI,Ux
Software Engineer - Web UI,Mobile
Software Engineer - Web UI,User experience
Software Engineer - Web UI,Controls
Software Engineer - Web UI,Testing
Software Engineer - Web UI,Javascript
Software Engineer - Web UI,Js
Software Engineer - Web UI,Writing
Software Engineer - Web UI,Retention
Software Engineer - Web UI,Product management
Javascript Engineer,Brand
Javascript Engineer,Communication
Javascript Engineer,Technical
Javascript Engineer,Troubleshooting
Javascript Engineer,Computer science
Javascript Engineer,Javascript
Senior Growth Engineer,Experiments
Senior Growth Engineer,French
Senior Growth Engineer,Engineering
Senior Growth Engineer,Metrics
Senior Growth Engineer,Analytics
Senior Growth Engineer,Kpis
Senior Growth Engineer,Communication
Senior Growth Engineer,Content
Senior Growth Engineer,Technical
Senior Growth Engineer,Testing
Senior Growth Engineer,Js
Senior Growth Engineer,Writing
Senior Growth Engineer,Rest
Senior Web Developer,Design
Senior Web Developer,Postgresql
Senior Web Developer,Troubleshooting
Senior Web Developer,Lifecycle
Senior Web Developer,Writing
Senior Web Developer,Documentation
Senior Web Developer,Branding
Senior Web Developer,Coaching
Senior Web Developer,Process
Senior Web Developer,Click
Senior Web Developer,Operations
Senior Web Developer,Crm
Senior Web Developer,Js
Senior Web Developer,Marketing
Senior Web Developer,Fitness
Senior Web Developer,Engineering
Senior Web Developer,Communication
Senior Web Developer,Mobile
Senior Web Developer,Recruiting
Senior Web Developer,Sports
Senior Web Developer,International
Senior Web Developer,Testing
Senior Web Developer,Workflow
Senior Web Developer,Technical
Senior Web Developer,Business development
Senior Software Engineer,Design
Senior Software Engineer,Training
Senior Software Engineer,Aws
Senior Software Engineer,Apis
Senior Software Engineer,Html
Senior Software Engineer,Php
Senior Software Engineer,Architecture
Senior Software Engineer,English
Senior Software Engineer,Video
Senior Software Engineer,Javascript
Senior Software Engineer,Rest
Cloud Infrastructure Engineer - Formidable (Remote),Design
Cloud Infrastructure Engineer - Formidable (Remote),Docker
Cloud Infrastructure Engineer - Formidable (Remote),Engineering
Cloud Infrastructure Engineer - Formidable (Remote),Javascript
Cloud Infrastructure Engineer - Formidable (Remote),Health
Cloud Infrastructure Engineer - Formidable (Remote),Aws
Cloud Infrastructure Engineer - Formidable (Remote),Scripting
Cloud Infrastructure Engineer - Formidable (Remote),Industry trends
Cloud Infrastructure Engineer - Formidable (Remote),Architecture
Cloud Infrastructure Engineer - Formidable (Remote),Reporting
Cloud Infrastructure Engineer - Formidable (Remote),Process
Cloud Infrastructure Engineer - Formidable (Remote),Cloud
Application Developer,Real-time
Application Developer,Aws
Application Developer,.net
Application Developer,Ai
Senior Backend Developer (m/f/x) JavaScript,Cad
Senior Backend Developer (m/f/x) JavaScript,Docker
Senior Backend Developer (m/f/x) JavaScript,Engineering
Senior Backend Developer (m/f/x) JavaScript,Aws
Senior Backend Developer (m/f/x) JavaScript,Procurement
Senior Backend Developer (m/f/x) JavaScript,Lean
Senior Backend Developer (m/f/x) JavaScript,Architecture
Senior Backend Developer (m/f/x) JavaScript,Process
Senior Backend Developer (m/f/x) JavaScript,Cloud
Senior Backend Developer (m/f/x) JavaScript,Mysql
Engineering Lead (Front-end),Design
Engineering Lead (Front-end),Protocols
Engineering Lead (Front-end),Website
Engineering Lead (Front-end),Architecture
Engineering Lead (Front-end),Api
Engineering Lead (Front-end),Apis
Engineering Lead (Front-end),Routing
Engineering Lead (Front-end),System
Engineering Lead (Front-end),Process
Engineering Lead (Front-end),Operations
Engineering Lead (Front-end),Css
Engineering Lead (Front-end),Saas
Engineering Lead (Front-end),Ui
Engineering Lead (Front-end),Html
Engineering Lead (Front-end),Js
Engineering Lead (Front-end),Engineering
Engineering Lead (Front-end),Technical
Engineering Lead (Front-end),Testing
Engineering Lead (Front-end),Security
Engineering Lead (Front-end),Sales
Engineering Lead (Front-end),Javascript
Engineering Lead (Front-end),Cloud
Senior Full-Stack Engineer,Design
Senior Full-Stack Engineer,Postgresql
Senior Full-Stack Engineer,Health
Senior Full-Stack Engineer,Architecture
Senior Full-Stack Engineer,Api
Senior Full-Stack Engineer,Software engineering
Senior Full-Stack Engineer,Writing
Senior Full-Stack Engineer,Aws
Senior Full-Stack Engineer,Nosql
Senior Full-Stack Engineer,System
Senior Full-Stack Engineer,Sql
Senior Full-Stack Engineer,Excel
Senior Full-Stack Engineer,Css
Senior Full-Stack Engineer,Coding
Senior Full-Stack Engineer,Html
Senior Full-Stack Engineer,English
Senior Full-Stack Engineer,Governance
Senior Full-Stack Engineer,Agile
Senior Full-Stack Engineer,Schedules
Senior Full-Stack Engineer,Policies
Senior Full-Stack Engineer,Fitness
Senior Full-Stack Engineer,Engineering
Senior Full-Stack Engineer,Ruby
Senior Full-Stack Engineer,Plan
Senior Full-Stack Engineer,Communication
Senior Full-Stack Engineer,Technical
Senior Full-Stack Engineer,Javascript
Senior Full-Stack Engineer,Cloud
Senior Full Stack Software Developer,Green
Senior Full Stack Software Developer,Design
Senior Full Stack Software Developer,Architecture
Senior Full Stack Software Developer,Salesforce
Senior Full Stack Software Developer,Api
Senior Full Stack Software Developer,Networking
Senior Full Stack Software Developer,Quality assurance
Senior Full Stack Software Developer,Training
Senior Full Stack Software Developer,Access
Senior Full Stack Software Developer,Unix
Senior Full Stack Software Developer,System
Senior Full Stack Software Developer,Coaching
Senior Full Stack Software Developer,Sql
Senior Full Stack Software Developer,Process
Senior Full Stack Software Developer,Operations
Senior Full Stack Software Developer,Rest
Senior Full Stack Software Developer,Programming
Senior Full Stack Software Developer,Agile
Senior Full Stack Software Developer,Analysis
Senior Full Stack Software Developer,Computer science
Senior Full Stack Software Developer,Database
Senior Full Stack Software Developer,Linux
Senior Full Stack Software Developer,Marketing
Senior Full Stack Software Developer,Plan
Senior Full Stack Software Developer,Engineering
Senior Full Stack Software Developer,Communication
Senior Full Stack Software Developer,Mobile
Senior Full Stack Software Developer,Technical
Senior Full Stack Software Developer,Testing
Senior Full Stack Software Developer,Security
Senior Full Stack Software Developer,Debugging
Senior Full Stack Software Developer,Javascript
Senior Full Stack Software Developer,Cloud
Sr. Technical Lead Engineer,Queries
Sr. Technical Lead Engineer,Design
Sr. Technical Lead Engineer,Sql server
Sr. Technical Lead Engineer,Health
Sr. Technical Lead Engineer,Scrum
Sr. Technical Lead Engineer,Architecture
Sr. Technical Lead Engineer,Api
Sr. Technical Lead Engineer,Writing
Sr. Technical Lead Engineer,Aws
Sr. Technical Lead Engineer,Ux
Sr. Technical Lead Engineer,Apis
Sr. Technical Lead Engineer,Lean
Sr. Technical Lead Engineer,Contracts
Sr. Technical Lead Engineer,Sql
Sr. Technical Lead Engineer,Process
Sr. Technical Lead Engineer,Strategy
Sr. Technical Lead Engineer,Rest
Sr. Technical Lead Engineer,Ai
Sr. Technical Lead Engineer,Programming
Sr. Technical Lead Engineer,Budget
Sr. Technical Lead Engineer,Ui
Sr. Technical Lead Engineer,Agile
Sr. Technical Lead Engineer,Computer science
Sr. Technical Lead Engineer,Python
Sr. Technical Lead Engineer,Engineering
Sr. Technical Lead Engineer,Analytical
Sr. Technical Lead Engineer,Plan
Sr. Technical Lead Engineer,Communication
Sr. Technical Lead Engineer,Technical
Sr. Technical Lead Engineer,Testing
Sr. Technical Lead Engineer,Security
Sr. Technical Lead Engineer,Workflow
Sr. Technical Lead Engineer,Cloud
Backend Developer (m/f/d),Queries
Backend Developer (m/f/d),Postgresql
Backend Developer (m/f/d),Architecture
Backend Developer (m/f/d),Troubleshooting
Backend Developer (m/f/d),Analytics
Backend Developer (m/f/d),Machine learning
Backend Developer (m/f/d),Php
Backend Developer (m/f/d),Administration
Backend Developer (m/f/d),Android
Backend Developer (m/f/d),Selenium
Backend Developer (m/f/d),Java
Backend Developer (m/f/d),Sql
Backend Developer (m/f/d),Operations
Backend Developer (m/f/d),Mysql
Backend Developer (m/f/d),Programming
Backend Developer (m/f/d),Flask
Backend Developer (m/f/d),Django
Backend Developer (m/f/d),Docker
Backend Developer (m/f/d),Html
Backend Developer (m/f/d),Oracle
Backend Developer (m/f/d),Architectures
Backend Developer (m/f/d),Computer science
Backend Developer (m/f/d),Database
Backend Developer (m/f/d),Python
Backend Developer (m/f/d),Automation
Backend Developer (m/f/d),Linux
Backend Developer (m/f/d),Web services
Backend Developer (m/f/d),Marketing
Backend Developer (m/f/d),Communication
Backend Developer (m/f/d),Mobile
Backend Developer (m/f/d),Algorithms
Backend Developer (m/f/d),Debugging
Backend Developer (m/f/d),Ruby
Backend Developer (m/f/d),Cloud
Senior Software Engineer (Full Stack-.net/Cloud),Green
Senior Software Engineer (Full Stack-.net/Cloud),Design
Senior Software Engineer (Full Stack-.net/Cloud),Postgresql
Senior Software Engineer (Full Stack-.net/Cloud),Html5
Senior Software Engineer (Full Stack-.net/Cloud),Architecture
Senior Software Engineer (Full Stack-.net/Cloud),Api
Senior Software Engineer (Full Stack-.net/Cloud),Writing
Senior Software Engineer (Full Stack-.net/Cloud),Startup
Senior Software Engineer (Full Stack-.net/Cloud),Aws
Senior Software Engineer (Full Stack-.net/Cloud),Shell
Senior Software Engineer (Full Stack-.net/Cloud),.net
Senior Software Engineer (Full Stack-.net/Cloud),Open source
Senior Software Engineer (Full Stack-.net/Cloud),Lean
Senior Software Engineer (Full Stack-.net/Cloud),Consulting
Senior Software Engineer (Full Stack-.net/Cloud),Inventory
Senior Software Engineer (Full Stack-.net/Cloud),Programming
Senior Software Engineer (Full Stack-.net/Cloud),Information technology
Senior Software Engineer (Full Stack-.net/Cloud),Agile
Senior Software Engineer (Full Stack-.net/Cloud),Python
Senior Software Engineer (Full Stack-.net/Cloud),Automation
Senior Software Engineer (Full Stack-.net/Cloud),C
Senior Software Engineer (Full Stack-.net/Cloud),Aviation
Senior Software Engineer (Full Stack-.net/Cloud),Engineering
Senior Software Engineer (Full Stack-.net/Cloud),Retail
Senior Software Engineer (Full Stack-.net/Cloud),Plan
Senior Software Engineer (Full Stack-.net/Cloud),C sharp
Senior Software Engineer (Full Stack-.net/Cloud),Technical
Senior Software Engineer (Full Stack-.net/Cloud),Javascript
Senior Software Engineer (Full Stack-.net/Cloud),Cloud
Data Science Engineer,Tableau
Data Science Engineer,Data Visualization
Data Science Engineer,Pandas
Data Science Engineer,R
Data Science Engineer,Power Bi
Data Science Engineer,Python
Data Science Engineer,Scikit-Learn
Data Science Engineer,Statistics
Deep Learning Engineer,Tensorflow
Deep Learning Engineer,Machine Learning
Deep Learning Engineer,Pytorch
Deep Learning Engineer,Python
Deep Learning Engineer,Pandas 
Deep Learning Engineer,Numpy
Deep Learning Engineer,Statistics
Deep Learning Engineer,NLP
Game Developer,Unity
Game Developer,C++
Game Developer,Game engine
Game Developer,Creativity
Game Developer,Analytical skills
Game Developer,C sharp
IOS Developer,Objective C
IOS Developer,Swift
IOS Developer,Xcode
IOS Developer,Objective-oriented Programming
IOS Developer,Design Principles
Android Developer,Android Studio
Android Developer,Java
Android Developer,Kotlin
Android Developer,UI principles
Android Developer,Object-Oriented design
